seed_id,platform_name,category,homepage_url,opportunity_url,payment_signal,ai_agent_signal,risk_focus,verification_prompt,source_note
AGM-SP-001,ClawTasks,agent-native task marketplace,https://clawtasks.com/,https://clawtasks.com/skill.md,official page currently says free-task only; paid/USDC capability must be reverified before use,agent-first,"new platform, current free-task-only status, paid bounty wind-down notice, task availability, payout proof, abuse/spam controls","Check whether agents can read tasks without login, whether paid tasks have reopened, accepted payment rails, and proof of payout.","Candidate source, not endorsed. Verify live before publication."
AGM-SP-002,AI Agent Marketplace,agent marketplace,https://ai-agentmarketplace.com/,https://ai-agentmarketplace.com/,marketplace signal; payment rails require verification,agent marketplace,"listing quality, requester trust, payment route, external-link policy",Check whether task publishers can post work for agents and whether external task links or USDC instructions are allowed.,"Candidate source, not endorsed. Verify live before publication."
AGM-SP-003,RentAHuman,agent/human task marketplace,https://rentahuman.ai/,https://rentahuman.ai/,marketplace signal; payment details require verification,agent/human work marketplace,"platform maturity, accepted worker type, payment settlement, task-posting policy",Check whether AI agents can participate directly and whether task publishers can post data/research tasks.,"Candidate source, not endorsed. Verify live before publication."
AGM-SP-004,Superteam Earn,web3 bounty board,https://earn.superteam.fun/,https://earn.superteam.fun/listings/bounties/,web3/crypto bounty signal; exact payout token varies by listing,unclear; tasks may be executable by agent operators,"eligibility, wallet requirement, geographic restrictions, proof of deliverable acceptance","Check active bounty listings, payout token, AI/automation policy, and whether a task-market-intelligence post is allowed.","Candidate source, not endorsed. Verify live before publication."
AGM-SP-005,Gitcoin Bounties,web3 bounty/grants ecosystem,https://www.gitcoin.co/,https://www.gitcoin.co/mechanisms/bounties,crypto bounty signal,unclear; depends on bounty rules,"program status, accepted bounty type, external-link policy, payout route",Verify current bounty mechanism availability and whether a low-value agent research task can be published.,"Candidate source, not endorsed. Verify live before publication."
AGM-SP-006,DoraHacks,web3 hackathon/bounty platform,https://dorahacks.io/,https://dorahacks.io/hackathon,crypto/web3 funding signal; varies by program,unclear; agent operators may participate in hackathons/bounties,"program fit, listing requirements, payout proof, language/community fit",Check whether micro bounty/research tasks can be posted and whether external proof pages are allowed.,"Candidate source, not endorsed. Verify live before publication."
AGM-SP-007,Dework,web3 task board,https://dework.xyz/,https://dework.xyz/,DAO/web3 task signal; payout varies by workspace,unclear,"workspace access, task-posting permission, payout escrow, spam policy","Check current task posting flow, workspace requirements, and whether agents can submit deliverables.","Candidate source, not endorsed. Verify live before publication."
AGM-SP-008,Opire,open-source bounty platform,https://opire.dev/,https://opire.dev/,open-source bounty signal,unclear; code/research tasks may be agent-assisted,"repository integration, payment rails, accepted task types",Check whether non-code research/data issues can be posted and how bounties are paid.,"Candidate source, not endorsed. Verify live before publication."
AGM-SP-009,Algora,open-source bounty platform,https://algora.io/,https://algora.io/bounties,bounty signal; payment rails require current verification,unclear; code tasks may allow agent-assisted work,"task acceptance criteria, repository ownership, payment proof",Check whether agents can claim bounties and whether task-market-intelligence work fits platform rules.,"Candidate source, not endorsed. Verify live before publication."
AGM-SP-010,IssueHunt,open-source bounty platform,https://oss.issuehunt.io/,https://oss.issuehunt.io/,open-source bounty signal,unclear; primarily GitHub issue based,"project activity, bounty settlement, current maintenance status","Check active bounties, payout route, and whether AI-assisted submissions are accepted by maintainers.","Candidate source, not endorsed. Verify live before publication."
AGM-SP-011,BountyHub,GitHub issue bounty app,https://bountyhub.dev/,https://github.com/marketplace/bountyhub,GitHub bounty app signal,unclear,"GitHub integration permissions, bounty escrow, maintainer acceptance","Check active install flow, supported payment routes, and task types.","Candidate source, not endorsed. Verify live before publication."
AGM-SP-012,GitHub Issues,open-source issue/task source,https://github.com/,https://github.com/search?q=label%3Abounty+is%3Aissue+is%3Aopen&type=issues,varies by repository; often no escrow,unclear; repository-specific,"no universal payout guarantee, maintainer trust, contribution rules",Find active bounty-labeled issues and verify repo-specific payout and AI-use policy.,"Candidate source, not endorsed. Verify live before publication."
AGM-SP-013,GitHub Discussions,technical community publishing channel,https://github.com/,https://github.com/features/discussions,not a payment platform,useful for agent/coder recruitment if repo-owned,"community rules, self-promotion, off-topic posts",Use only in your own project repo or communities that explicitly allow task announcements.,"Publishing channel candidate, not a payout marketplace."
AGM-SP-014,Bountycaster,social/web3 bounty board,https://www.bountycaster.xyz/,https://www.bountycaster.xyz/,social bounty signal; payment rails require verification,unclear,"social identity, payout trust, task discovery noise","Check active bounties, accepted task formats, and whether agent submissions are permitted.","Candidate source, not endorsed. Verify live before publication."
AGM-SP-015,Questbook,grant/bounty platform,https://questbook.app/,https://questbook.app/,grant/bounty signal; varies by program,unclear,"grant scope, review time, KYC/legal entity requirements",Check active grant programs and whether micro research/data tasks are in scope.,"Candidate source, not endorsed. Verify live before publication."
AGM-SP-016,Layer3 Quests,web3 quest platform,https://layer3.xyz/,https://layer3.xyz/quests,quest reward signal; usually campaign-specific,unclear,"identity requirements, sybil rules, reward type, bot policy",Check whether research/data contributions are allowed or whether tasks are mostly user onboarding quests.,"Candidate source, not endorsed. Verify live before publication."
AGM-SP-017,Galxe,web3 campaign/quest platform,https://www.galxe.com/,https://app.galxe.com/,campaign reward signal; often points/NFT/token rewards,unclear,"bot restrictions, wallet linking, reward certainty",Check whether task-market-intelligence participants can complete campaigns without violating anti-bot rules.,"Candidate source, not endorsed. Verify live before publication."
AGM-SP-018,Zealy,community quest platform,https://zealy.io/,https://zealy.io/explore,community reward/points signal,unclear,"bot policy, payout certainty, social tasks unsuited to agents",Verify whether any communities post agent-suitable research/coding/data tasks.,"Candidate source, not endorsed. Verify live before publication."
AGM-SP-019,Devpost,hackathon platform,https://devpost.com/,https://devpost.com/hackathons,prize signal; varies by hackathon,unclear; agent-built projects may fit,"team rules, submission ownership, judging timeline",Find hackathons where agent-built automation or datasets fit and verify AI/tool rules.,"Candidate source, not endorsed. Verify live before publication."
AGM-SP-020,ETHGlobal,web3 hackathon platform,https://ethglobal.com/,https://ethglobal.com/events,hackathon prize signal,unclear; agent-built web3 tools may fit,"event eligibility, judging criteria, build period","Check active events, prize tracks, and whether AI agent submissions are allowed.","Candidate source, not endorsed. Verify live before publication."
AGM-SP-021,Buidlbox,web3 hackathon platform,https://buidlbox.io/,https://app.buidlbox.io/,hackathon/prize signal,unclear,"program rules, team identity, payment path",Check whether active challenges accept agent-built tools or data submissions.,"Candidate source, not endorsed. Verify live before publication."
AGM-SP-022,Encode Club Hackathons,web3 hackathon/community,https://www.encode.club/,https://www.encode.club/hackathons,hackathon prize signal,unclear,"event fit, AI-use policy, participant requirements",Check active hackathons and whether agents can create useful submissions within rules.,"Candidate source, not endorsed. Verify live before publication."
AGM-SP-023,Kaggle Competitions,data science competition,https://www.kaggle.com/,https://www.kaggle.com/competitions,prize signal; varies by competition,"agents can assist, but account/human rules must be followed","competition rules, team limits, automated scraping restrictions","Find active competitions with prizes and verify rules on automation, teams, and external data.","Candidate source, not endorsed. Verify live before publication."
AGM-SP-024,DrivenData,data science/social impact competition,https://www.drivendata.org/,https://www.drivendata.org/competitions/,prize signal; varies by challenge,"agents can assist, participant rules apply","submission rules, prize eligibility, data license",Check current prize challenges and automation/team restrictions.,"Candidate source, not endorsed. Verify live before publication."
AGM-SP-025,Zindi,data science competition,https://zindi.africa/,https://zindi.africa/competitions,prize signal; varies by challenge,"agents can assist, participant rules apply","participant eligibility, team rules, prize payout",Check active prize challenges and whether agent-assisted work is allowed.,"Candidate source, not endorsed. Verify live before publication."
AGM-SP-026,AIcrowd,AI/data competition,https://www.aicrowd.com/,https://www.aicrowd.com/challenges,prize signal; varies by challenge,agent-assisted research may fit challenge rules,"rules, compute limits, submission policy","Check active challenges, prize status, and whether automation is permitted.","Candidate source, not endorsed. Verify live before publication."
AGM-SP-027,EvalAI,AI challenge platform,https://eval.ai/,https://eval.ai/web/challenges/challenge-page,challenge/prize signal; varies,agent-assisted ML tasks may fit,"challenge currency, inactive pages, prize eligibility",Check active challenges and whether they include monetary prizes.,"Candidate source, not endorsed. Verify live before publication."
AGM-SP-028,CodaLab Competitions,ML competition platform,https://codalab.lisn.upsaclay.fr/competitions/,https://codalab.lisn.upsaclay.fr/competitions/,usually challenge-based; prizes vary,agent-assisted ML tasks may fit,"challenge activity, prize, rules, account requirements","Check active competitions, prize details, and automation restrictions.","Candidate source, not endorsed. Verify live before publication."
AGM-SP-029,Numerai,data science tournament,https://numer.ai/,https://numer.ai/tournament,crypto/staking reward signal,model automation can participate if rules followed,"staking risk, model performance, payout volatility","Check staking requirements, current rewards, and whether this is suitable for low-risk agent tasks.","Candidate source, not endorsed. Verify live before publication."
AGM-SP-030,CrunchDAO,data science/research rewards,https://www.crunchdao.com/,https://www.crunchdao.com/,research reward signal; details require verification,agent-assisted research may fit,"account requirements, reward predictability, data license",Check active contributor program and payout mechanism.,"Candidate source, not endorsed. Verify live before publication."
AGM-SP-031,QuantConnect Competitions,algorithmic trading competition,https://www.quantconnect.com/,https://www.quantconnect.com/competitions,prize signal; varies by competition,agent-assisted coding/research may fit,"financial risk, eligibility, IP and licensing",Check active competitions and whether submissions can be agent-generated.,"Candidate source, not endorsed. Verify live before publication."
AGM-SP-032,Topcoder Challenges,coding/data/design challenge platform,https://www.topcoder.com/,https://www.topcoder.com/challenges,prize signal,unclear; participant rules apply,"AI-use policy, account KYC, payout method",Check active coding/data tasks and rules on AI-assisted submissions.,"Candidate source, not endorsed. Verify live before publication."
AGM-SP-033,HeroX,innovation challenge platform,https://www.herox.com/,https://www.herox.com/challenges,prize signal; challenge-specific,unclear,"human/legal eligibility, prize timeline, submission requirements",Find challenges that suit research/automation agents and verify AI-use rules.,"Candidate source, not endorsed. Verify live before publication."
AGM-SP-034,Challenge.gov,government challenge directory,https://www.challenge.gov/,https://www.challenge.gov/,prize/grant signal; challenge-specific,unclear,"eligibility, residency/legal restrictions, long timeline",Check open challenges and whether agent-assisted research/data work is allowed.,"Candidate source, not endorsed. Verify live before publication."
AGM-SP-035,Wazoku Crowd,innovation challenge platform,https://www.wazoku.com/,https://www.wazoku.com/challenge-community/,challenge reward signal; challenge-specific,unclear,"registration, IP terms, award timeline",Check open challenges and rules for AI/tool-assisted submissions.,"Candidate source, not endorsed. Verify live before publication."
AGM-SP-036,Bugcrowd,bug bounty/security,https://www.bugcrowd.com/,https://www.bugcrowd.com/programs/,bug bounty reward signal,unclear; security rules and authorization required,"authorization boundaries, KYC/tax, AI scanning restrictions",Verify program scope and automation policy before any security testing.,High-risk candidate; do not execute tests without explicit program authorization.
AGM-SP-037,HackerOne,bug bounty/security,https://www.hackerone.com/,https://hackerone.com/directory/programs,bug bounty reward signal,unclear; security rules and authorization required,"authorization boundaries, automation policy, disclosure rules",Verify program scope and do not run autonomous testing outside authorized rules.,High-risk candidate; do not execute tests without explicit program authorization.
AGM-SP-038,Immunefi,web3 bug bounty/security,https://immunefi.com/,https://immunefi.com/bug-bounty/,web3 bug bounty reward signal,unclear; strict scope required,"security authorization, exploit disclosure, payout thresholds",Verify authorized scope and automation rules before any agent security testing.,High-risk candidate; do not execute tests without explicit program authorization.
AGM-SP-039,HackenProof,bug bounty/security,https://hackenproof.com/,https://hackenproof.com/programs,bug bounty reward signal,unclear,"program scope, automated testing rules, disclosure rules",Verify scope and automation rules before any security work.,High-risk candidate; do not execute tests without explicit program authorization.
AGM-SP-040,Code4rena,web3 audit contest,https://code4rena.com/,https://code4rena.com/contests,audit contest reward signal,agent-assisted code review may fit if rules allow,"security expertise, contest rules, payout distribution",Check active contests and AI/tool-use rules before participating.,"Candidate source, not endorsed. Verify live before publication."
AGM-SP-041,Sherlock,web3 audit contest/bug bounty,https://www.sherlock.xyz/,https://audits.sherlock.xyz/,audit contest reward signal,agent-assisted code review may fit if rules allow,"contest rules, judging, payout distribution, false positives",Check current contest rules and whether AI-assisted review is accepted.,"Candidate source, not endorsed. Verify live before publication."
AGM-SP-042,CodeHawks,web3 audit contest,https://www.codehawks.com/,https://www.codehawks.com/contests,audit contest reward signal,agent-assisted code review may fit if rules allow,"contest rules, validation quality, reward distribution",Check active contests and rules on AI/tool-assisted submissions.,"Candidate source, not endorsed. Verify live before publication."
AGM-SP-043,Cantina,security/audit marketplace,https://cantina.xyz/,https://cantina.xyz/competitions,security competition reward signal,agent-assisted review may fit if rules allow,"eligibility, scope, judging, reward rules",Check active competitions and AI/tool-use policy.,"Candidate source, not endorsed. Verify live before publication."
AGM-SP-044,Hats Finance,web3 bug bounty/security,https://hats.finance/,https://app.hats.finance/,web3 bug bounty reward signal,unclear; strict scope required,"authorized scope, vault rules, disclosure process",Verify program rules and do not run unauthorized autonomous testing.,High-risk candidate; do not execute tests without explicit program authorization.
AGM-SP-045,Upwork,freelance marketplace,https://www.upwork.com/,https://www.upwork.com/freelance-jobs/artificial-intelligence/,fiat freelance marketplace,agents may assist under account/operator responsibility; policy must be checked,"human account rules, client communication, platform fee, identity/KYC",Check whether the agent operator can bid and whether AI-assisted delivery is disclosed and allowed.,"Candidate source, not endorsed. Verify live before publication."
AGM-SP-046,Freelancer,freelance marketplace,https://www.freelancer.com/,https://www.freelancer.com/jobs/artificial-intelligence/,fiat freelance marketplace,agents may assist under account/operator responsibility; policy must be checked,"fees, disputes, verification, AI disclosure, client acceptance",Check current AI-related job listings and whether agent-assisted delivery is acceptable.,"Candidate source, not endorsed. Verify live before publication."
AGM-SP-047,Fiverr,freelance service marketplace,https://www.fiverr.com/,https://www.fiverr.com/categories/programming-tech/ai-development,fiat marketplace,agents may assist services; policy/operator rules apply,"service quality, disclosure, account/KYC, buyer disputes",Check whether AI agent execution services can be listed and under what disclosure rules.,"Candidate source, not endorsed. Verify live before publication."
AGM-SP-048,PeoplePerHour,freelance marketplace,https://www.peopleperhour.com/,https://www.peopleperhour.com/freelance-jobs/technology-programming,fiat marketplace,unclear; operator account rules apply,"task fit, verification, platform fees, disputes",Check whether AI/data/coding tasks are active and whether agent-assisted delivery is acceptable.,"Candidate source, not endorsed. Verify live before publication."
AGM-SP-049,Contra,freelance/profile marketplace,https://contra.com/,https://contra.com/opportunities,freelance marketplace signal,unclear; agent operator policy must be checked,"client matching, account identity, payment route",Check AI/coding/data opportunities and whether agent-assisted work is allowed.,"Candidate source, not endorsed. Verify live before publication."
AGM-SP-050,Toptal,freelance talent marketplace,https://www.toptal.com/,https://www.toptal.com/developers,fiat client work signal,likely human contractor oriented; agent suitability unclear,"screening, KYC, client work terms, AI-use disclosure","Check whether this is suitable only for human operators with agent assistance, not autonomous agents.","Candidate source, likely not agent-native. Verify before using."
AGM-SP-051,Hugging Face Competitions/Spaces,AI community/challenges,https://huggingface.co/,https://huggingface.co/spaces,community/challenge signal; prizes vary,agent-built demos may fit,"contest availability, license, compute limits, reward certainty",Check current competitions or community challenges with prizes.,"Candidate source, not endorsed. Verify live before publication."
AGM-SP-052,Product Hunt Launches,distribution/community signal,https://www.producthunt.com/,https://www.producthunt.com/,not a bounty platform,"useful for finding AI tools/projects, not direct paid tasks",not a payout source; only use as discovery channel,Search for agent/task tools and verify whether they lead to real task opportunities.,"Discovery candidate, not a direct task market."
AGM-SP-053,Hacker News Who Is Hiring/Show HN,community/discovery channel,https://news.ycombinator.com/,https://news.ycombinator.com/submitted,not a bounty platform,useful for discovering task sources and recruiting agent builders,"posting rules, self-promotion, no escrow",Use only for compliant announcements or discovery; do not treat as payment source.,"Publishing/discovery channel candidate, not a payout marketplace."
AGM-SP-054,Reddit r/AI_Agents,AI builder community,https://www.reddit.com/r/AI_Agents/,https://www.reddit.com/r/AI_Agents/submit,not a payment platform,agent builder community,"community posting rules, self-promotion, moderation",Check subreddit rules before posting; use as traffic source only.,"Publishing channel candidate, not a payout marketplace."
AGM-SP-055,Reddit r/LocalLLaMA,AI builder community,https://www.reddit.com/r/LocalLLaMA/,https://www.reddit.com/r/LocalLLaMA/submit,not a payment platform,AI builder community; agent participation indirect,strict relevance and self-promotion rules,Only post if the task is framed as agent tooling/research and rules allow.,"Publishing channel candidate, not a payout marketplace."
AGM-SP-056,X / Twitter,traffic and recruitment channel,https://x.com/,https://x.com/compose/post,not a payment platform,useful for reaching agent builders and bot operators,"spam, account trust, link safety, audience fit",Use short announcement linking to task page; do not collect funds via replies/DMs.,"Publishing channel candidate, not a payout marketplace."
AGM-SP-057,Discord Communities,community recruitment channel,https://discord.com/,https://discord.com/channels/@me,not a payment platform,depends on target server,"server rules, spam, scam perception, moderation",Only post in servers where task/bounty announcements are allowed; use official task page and proof links.,"Publishing channel candidate, not a payout marketplace."
AGM-SP-058,Telegram Communities,community recruitment channel,https://telegram.org/,https://web.telegram.org/,not a payment platform,depends on target group,"spam, impersonation, scam perception, moderation",Only post in groups where task announcements are allowed and always link to proof/task page.,"Publishing channel candidate, not a payout marketplace."
AGM-SP-059,Agent.ai,agent marketplace/community,https://agent.ai/,https://agent.ai/,agent ecosystem; task posting/payment details require verification,agent marketplace/community,"task-posting availability, external-link policy, payment route",Check whether it can be used as a recruitment source for agents or only as an agent directory.,"Candidate source, not endorsed. Verify live before publication."
AGM-SP-060,Fetch.ai / ASI ecosystem,agent ecosystem,https://fetch.ai/,https://fetch.ai/,agent economy signal; task posting route requires verification,agent ecosystem,"current product route, developer community rules, payment mechanism",Check whether there is a current marketplace or community channel suitable for task announcements.,"Candidate source, not endorsed. Verify live before publication."
